order_id,order_date,customer_id,payment_type_id,order_channel,order_status,order_total
ORD0000001,2025-08-04,CUS000173,PAY002,Online,Cancelled,1017.54
ORD0000002,2025-10-16,CUS000104,PAY004,Mobile App,Pending,1722.89
ORD0000003,2025-02-14,CUS000172,PAY001,Online,Processing,8324.42
ORD0000004,2025-05-03,CUS000083,PAY002,In Store,Shipped,3291.9700000000003
ORD0000005,2025-01-27,CUS000061,PAY004,Mobile App,Shipped,9031.17
ORD0000006,2024-11-05,CUS000150,PAY006,In Store,Shipped,8356.57
ORD0000007,2025-10-31,CUS000093,PAY006,Online,Pending,3813.7200000000003
ORD0000008,2025-11-14,CUS000031,PAY004,Mobile App,Processing,5998.41
ORD0000009,2025-02-19,CUS000176,PAY005,Mobile App,Returned,15589.15
ORD0000010,2024-04-30,CUS000164,PAY003,Mobile App,Cancelled,8949.08
ORD0000011,2024-08-14,CUS000057,PAY002,Curbside Pickup,Processing,7982.86
ORD0000012,2025-04-10,CUS000192,PAY005,Mobile App,Completed,1610.1
ORD0000013,2025-12-19,CUS000141,PAY004,Online,Processing,5006.92
ORD0000014,2025-11-27,CUS000194,PAY005,In Store,Cancelled,10570.48
ORD0000015,2025-04-02,CUS000136,PAY006,Mobile App,Pending,4542.05
ORD0000016,2025-07-31,CUS000029,PAY001,Online,Cancelled,0.0
ORD0000017,2025-07-03,CUS000039,PAY002,Mobile App,Cancelled,4592.42
ORD0000018,2025-03-28,CUS000030,PAY006,Online,Returned,5902.33
ORD0000019,2025-08-20,CUS000126,PAY001,Curbside Pickup,Pending,7291.08
ORD0000020,2025-04-09,CUS000034,PAY005,Curbside Pickup,Completed,0.0
ORD0000021,2025-07-31,CUS000015,PAY005,Curbside Pickup,Returned,2815.08
ORD0000022,2024-11-11,CUS000186,PAY001,Curbside Pickup,Shipped,14167.57
ORD0000023,2024-01-04,CUS000191,PAY002,In Store,Pending,2847.54
ORD0000024,2025-03-09,CUS000089,PAY006,In Store,Cancelled,4495.38
ORD0000025,2024-03-02,CUS000018,PAY004,In Store,Shipped,10664.7
ORD0000026,2025-02-22,CUS000047,PAY002,Curbside Pickup,Shipped,905.84
ORD0000027,2025-01-26,CUS000115,PAY004,Curbside Pickup,Pending,2871.2
ORD0000028,2025-11-30,CUS000170,PAY005,Online,Returned,7176.83
ORD0000029,2024-12-22,CUS000031,PAY002,Curbside Pickup,Cancelled,8167.860000000001
ORD0000030,2024-05-10,CUS000187,PAY002,In Store,Pending,9502.52
ORD0000031,2024-11-01,CUS000119,PAY006,Curbside Pickup,Cancelled,18693.86
ORD0000032,2025-01-23,CUS000059,PAY002,Curbside Pickup,Shipped,0.0
ORD0000033,2024-06-07,CUS000071,PAY002,In Store,Pending,19811.5
ORD0000034,2025-11-07,CUS000108,PAY005,In Store,Processing,4526.0
ORD0000035,2024-07-30,CUS000018,PAY001,In Store,Completed,6965.2
ORD0000036,2025-09-04,CUS000173,PAY006,In Store,Processing,1421.82
ORD0000037,2024-02-15,CUS000103,PAY004,Online,Cancelled,7088.900000000001
ORD0000038,2024-08-10,CUS000194,PAY001,Online,Cancelled,6813.089999999999
ORD0000039,2024-10-23,CUS000060,PAY006,Mobile App,Cancelled,3054.09
ORD0000040,2025-09-04,CUS000198,PAY006,Mobile App,Processing,4792.04
ORD0000041,2024-11-05,CUS000037,PAY006,Online,Completed,9135.73
ORD0000042,2024-11-03,CUS000071,PAY001,Online,Returned,8090.71
ORD0000043,2025-11-26,CUS000110,PAY005,Curbside Pickup,Pending,5891.25
ORD0000044,2024-12-18,CUS000165,PAY006,Curbside Pickup,Cancelled,6742.139999999999
ORD0000045,2024-11-22,CUS000179,PAY004,Curbside Pickup,Processing,8382.98
ORD0000046,2024-11-03,CUS000097,PAY002,Curbside Pickup,Processing,8066.2300000000005
ORD0000047,2024-08-18,CUS000077,PAY006,Online,Completed,23957.19
ORD0000048,2024-02-29,CUS000144,PAY004,Curbside Pickup,Cancelled,4264.47
ORD0000049,2025-06-26,CUS000035,PAY004,Online,Shipped,10464.98
ORD0000050,2024-07-27,CUS000085,PAY006,In Store,Completed,5158.469999999999
ORD0000051,2025-01-14,CUS000024,PAY005,Online,Pending,2389.8199999999997
ORD0000052,2024-10-01,CUS000097,PAY006,In Store,Pending,0.0
ORD0000053,2024-07-11,CUS000195,PAY005,Online,Completed,5725.76
ORD0000054,2024-08-01,CUS000086,PAY003,In Store,Processing,3290.1
ORD0000055,2024-07-13,CUS000190,PAY001,Curbside Pickup,Processing,7388.280000000001
ORD0000056,2025-12-13,CUS000155,PAY006,Online,Completed,6217.52
ORD0000057,2024-09-02,CUS000142,PAY003,Mobile App,Completed,7993.280000000001
ORD0000058,2025-04-22,CUS000137,PAY006,Mobile App,Shipped,9051.05
ORD0000059,2024-09-24,CUS000093,PAY005,Curbside Pickup,Completed,17903.72
ORD0000060,2024-04-10,CUS000185,PAY004,Mobile App,Processing,806.55
ORD0000061,2025-01-14,CUS000081,PAY004,In Store,Cancelled,12240.99
ORD0000062,2024-08-14,CUS000190,PAY002,In Store,Shipped,7829.48
ORD0000063,2025-07-20,CUS000150,PAY005,Curbside Pickup,Shipped,9585.48
ORD0000064,2024-06-05,CUS000051,PAY003,Online,Completed,5112.11
ORD0000065,2025-08-06,CUS000063,PAY004,Mobile App,Shipped,5266.43
ORD0000066,2025-05-15,CUS000186,PAY006,Curbside Pickup,Completed,22255.15
ORD0000067,2024-06-21,CUS000188,PAY003,Online,Processing,15185.86
ORD0000068,2025-07-13,CUS000126,PAY002,In Store,Cancelled,3731.24
ORD0000069,2024-02-04,CUS000020,PAY006,In Store,Pending,5077.21
ORD0000070,2025-02-26,CUS000036,PAY006,Online,Pending,10567.99
ORD0000071,2025-12-25,CUS000039,PAY001,Online,Cancelled,1253.16
ORD0000072,2025-04-11,CUS000096,PAY001,Curbside Pickup,Returned,3490.21
ORD0000073,2025-05-14,CUS000005,PAY001,Curbside Pickup,Pending,7204.69
ORD0000074,2024-01-18,CUS000136,PAY006,Mobile App,Cancelled,6289.09
ORD0000075,2024-10-20,CUS000005,PAY005,Curbside Pickup,Processing,2612.86
ORD0000076,2024-04-19,CUS000025,PAY005,Online,Processing,2383.6000000000004
ORD0000077,2024-07-15,CUS000159,PAY005,Mobile App,Shipped,9586.58
ORD0000078,2024-09-30,CUS000102,PAY001,Mobile App,Completed,0.0
ORD0000079,2025-04-15,CUS000145,PAY002,Online,Shipped,3977.65
ORD0000080,2025-12-01,CUS000021,PAY006,In Store,Pending,2200.35
ORD0000081,2025-02-19,CUS000098,PAY004,Curbside Pickup,Pending,13884.26
ORD0000082,2025-10-14,CUS000003,PAY006,Online,Pending,10946.78
ORD0000083,2025-05-26,CUS000112,PAY006,Mobile App,Cancelled,2083.84
ORD0000084,2024-04-07,CUS000136,PAY001,Online,Processing,6366.1
ORD0000085,2025-12-09,CUS000146,PAY004,Mobile App,Pending,6600.469999999999
ORD0000086,2024-03-17,CUS000176,PAY003,In Store,Processing,12118.039999999999
ORD0000087,2024-11-18,CUS000005,PAY002,Online,Returned,8024.73
ORD0000088,2025-02-11,CUS000020,PAY003,Online,Cancelled,10796.25
ORD0000089,2024-09-03,CUS000146,PAY004,Mobile App,Completed,808.5
ORD0000090,2024-05-23,CUS000177,PAY006,In Store,Cancelled,14546.1
ORD0000091,2024-12-20,CUS000014,PAY001,Curbside Pickup,Processing,1640.3
ORD0000092,2024-03-18,CUS000088,PAY005,Curbside Pickup,Shipped,3745.71
ORD0000093,2024-01-31,CUS000163,PAY003,Curbside Pickup,Completed,2637.8
ORD0000094,2024-08-21,CUS000092,PAY005,Curbside Pickup,Completed,2889.06
ORD0000095,2024-07-09,CUS000175,PAY005,Curbside Pickup,Pending,3200.24
ORD0000096,2025-09-25,CUS000076,PAY002,In Store,Pending,20247.030000000002
ORD0000097,2024-10-01,CUS000040,PAY004,Online,Returned,0.0
ORD0000098,2025-02-02,CUS000082,PAY003,In Store,Pending,22799.4
ORD0000099,2024-01-06,CUS000079,PAY004,Mobile App,Shipped,3792.69
ORD0000100,2024-04-14,CUS000034,PAY001,Online,Completed,8173.91
ORD0000101,2025-04-04,CUS000143,PAY005,Curbside Pickup,Pending,10345.87
ORD0000102,2024-01-27,CUS000023,PAY003,In Store,Cancelled,6914.530000000001
ORD0000103,2025-09-04,CUS000084,PAY004,In Store,Shipped,13834.650000000001
ORD0000104,2025-02-27,CUS000100,PAY001,Online,Cancelled,15772.35
ORD0000105,2025-06-17,CUS000044,PAY006,Curbside Pickup,Processing,11779.32
ORD0000106,2024-05-22,CUS000069,PAY003,Mobile App,Completed,8450.78
ORD0000107,2024-05-29,CUS000017,PAY002,Curbside Pickup,Shipped,2072.96
ORD0000108,2025-03-07,CUS000077,PAY004,In Store,Shipped,7264.639999999999
ORD0000109,2024-09-14,CUS000064,PAY006,Curbside Pickup,Cancelled,961.3
ORD0000110,2025-09-23,CUS000051,PAY004,In Store,Processing,2570.9
ORD0000111,2024-11-07,CUS000002,PAY004,Mobile App,Cancelled,7677.62
ORD0000112,2025-01-24,CUS000085,PAY004,Mobile App,Completed,12500.119999999999
ORD0000113,2025-10-28,CUS000153,PAY002,Mobile App,Shipped,3035.02
ORD0000114,2025-09-09,CUS000178,PAY002,Curbside Pickup,Shipped,7470.849999999999
ORD0000115,2024-06-30,CUS000102,PAY003,Mobile App,Returned,0.0
ORD0000116,2025-12-12,CUS000163,PAY004,Online,Shipped,569.26
ORD0000117,2025-01-20,CUS000072,PAY004,Mobile App,Pending,11607.53
ORD0000118,2025-07-31,CUS000052,PAY005,Online,Returned,18903.57
ORD0000119,2025-07-17,CUS000007,PAY006,Curbside Pickup,Returned,6587.360000000001
ORD0000120,2024-08-02,CUS000113,PAY003,In Store,Completed,10004.17
ORD0000121,2025-11-20,CUS000128,PAY002,Mobile App,Processing,13439.26
ORD0000122,2024-09-15,CUS000169,PAY002,Curbside Pickup,Completed,11836.33
ORD0000123,2024-03-16,CUS000115,PAY005,Curbside Pickup,Cancelled,4657.66
ORD0000124,2025-02-14,CUS000137,PAY005,Curbside Pickup,Cancelled,9673.97
ORD0000125,2024-02-07,CUS000093,PAY006,In Store,Pending,10255.27
ORD0000126,2024-09-11,CUS000169,PAY006,Mobile App,Processing,26911.62
ORD0000127,2025-10-24,CUS000157,PAY001,Curbside Pickup,Shipped,7065.37
ORD0000128,2025-03-16,CUS000028,PAY001,In Store,Shipped,5780.98
ORD0000129,2024-08-15,CUS000131,PAY006,Online,Completed,4495.639999999999
ORD0000130,2025-01-18,CUS000101,PAY004,Online,Shipped,9314.79
ORD0000131,2024-01-26,CUS000124,PAY001,Mobile App,Completed,13585.609999999999
ORD0000132,2024-03-28,CUS000030,PAY006,Online,Shipped,10877.01
ORD0000133,2024-11-15,CUS000088,PAY004,Online,Cancelled,6765.9
ORD0000134,2025-05-09,CUS000090,PAY004,In Store,Completed,2558.99
ORD0000135,2025-12-14,CUS000116,PAY003,In Store,Shipped,13427.36
ORD0000136,2024-02-15,CUS000182,PAY001,In Store,Shipped,17116.370000000003
ORD0000137,2025-10-25,CUS000028,PAY006,Online,Returned,18.85
ORD0000138,2024-09-06,CUS000133,PAY002,Online,Shipped,6255.04
ORD0000139,2025-07-27,CUS000110,PAY004,Online,Completed,451.84
ORD0000140,2025-10-06,CUS000048,PAY002,Curbside Pickup,Completed,7114.74
ORD0000141,2024-01-30,CUS000189,PAY005,Online,Completed,2316.05
ORD0000142,2025-08-29,CUS000110,PAY004,In Store,Returned,7279.83
ORD0000143,2024-08-07,CUS000053,PAY003,In Store,Cancelled,8704.039999999999
ORD0000144,2024-04-14,CUS000138,PAY002,Mobile App,Shipped,5287.96
ORD0000145,2024-07-20,CUS000118,PAY001,Mobile App,Returned,576.39
ORD0000146,2025-05-16,CUS000136,PAY006,Mobile App,Cancelled,6187.9400000000005
ORD0000147,2025-02-01,CUS000157,PAY004,In Store,Shipped,2754.3
ORD0000148,2024-12-26,CUS000118,PAY005,Online,Returned,5312.900000000001
ORD0000149,2025-12-23,CUS000077,PAY005,In Store,Returned,3211.79
ORD0000150,2024-05-17,CUS000081,PAY001,Online,Shipped,3335.7
ORD0000151,2024-04-29,CUS000047,PAY003,Online,Cancelled,12528.9
ORD0000152,2025-02-01,CUS000108,PAY005,Online,Cancelled,4750.879999999999
ORD0000153,2025-01-27,CUS000109,PAY002,Curbside Pickup,Returned,13825.03
ORD0000154,2025-07-04,CUS000178,PAY006,Online,Cancelled,7102.89
ORD0000155,2024-06-19,CUS000126,PAY003,Online,Processing,1962.14
ORD0000156,2024-11-18,CUS000116,PAY005,In Store,Shipped,3554.66
ORD0000157,2024-01-10,CUS000125,PAY002,Online,Completed,14752.75
ORD0000158,2025-07-29,CUS000130,PAY006,Curbside Pickup,Completed,11019.96
ORD0000159,2025-12-02,CUS000126,PAY004,Curbside Pickup,Completed,2836.26
ORD0000160,2024-06-20,CUS000022,PAY005,In Store,Processing,7137.68
ORD0000161,2024-10-26,CUS000009,PAY003,Online,Cancelled,1836.24
ORD0000162,2024-10-22,CUS000044,PAY004,Curbside Pickup,Cancelled,712.52
ORD0000163,2025-06-07,CUS000029,PAY005,In Store,Shipped,8897.939999999999
ORD0000164,2025-07-10,CUS000094,PAY005,In Store,Returned,1339.96
ORD0000165,2025-03-27,CUS000140,PAY002,Curbside Pickup,Pending,5588.67
ORD0000166,2025-10-31,CUS000193,PAY002,Mobile App,Pending,7844.86
ORD0000167,2025-04-05,CUS000068,PAY003,In Store,Completed,17286.32
ORD0000168,2024-04-30,CUS000199,PAY002,Online,Returned,0.0
ORD0000169,2025-08-25,CUS000177,PAY003,Curbside Pickup,Processing,11779.630000000001
ORD0000170,2025-09-22,CUS000036,PAY002,Online,Pending,3029.6
ORD0000171,2025-08-06,CUS000090,PAY005,Mobile App,Cancelled,1766.22
ORD0000172,2025-07-05,CUS000044,PAY003,Mobile App,Shipped,4589.68
ORD0000173,2025-08-09,CUS000069,PAY005,In Store,Processing,16793.43
ORD0000174,2025-02-25,CUS000016,PAY003,Online,Returned,9884.37
ORD0000175,2024-05-15,CUS000064,PAY002,Mobile App,Processing,18024.55
ORD0000176,2025-11-23,CUS000101,PAY004,Online,Cancelled,25442.12
ORD0000177,2025-10-09,CUS000069,PAY006,Curbside Pickup,Completed,81.66
ORD0000178,2025-04-07,CUS000020,PAY006,In Store,Completed,1102.85
ORD0000179,2025-06-11,CUS000192,PAY003,Mobile App,Completed,2818.32
ORD0000180,2025-05-14,CUS000084,PAY005,In Store,Returned,1959.17
ORD0000181,2024-04-05,CUS000188,PAY004,Mobile App,Pending,13136.56
ORD0000182,2025-07-01,CUS000102,PAY002,Curbside Pickup,Processing,9666.95
ORD0000183,2025-05-21,CUS000069,PAY003,Mobile App,Shipped,2892.5099999999998
ORD0000184,2025-07-14,CUS000148,PAY002,Curbside Pickup,Shipped,23418.45
ORD0000185,2025-11-29,CUS000196,PAY001,In Store,Pending,17799.45
ORD0000186,2025-10-03,CUS000118,PAY001,In Store,Processing,12824.39
ORD0000187,2025-03-27,CUS000117,PAY001,Curbside Pickup,Processing,7669.6900000000005
ORD0000188,2025-12-06,CUS000034,PAY006,Mobile App,Processing,7597.389999999999
ORD0000189,2024-10-07,CUS000024,PAY006,Mobile App,Shipped,11739.17
ORD0000190,2024-03-25,CUS000096,PAY006,Online,Pending,16696.1
ORD0000191,2025-02-09,CUS000161,PAY003,Online,Completed,2157.86
ORD0000192,2025-11-02,CUS000024,PAY006,In Store,Pending,6998.95
ORD0000193,2024-08-06,CUS000123,PAY001,Online,Cancelled,8449.78
ORD0000194,2024-08-19,CUS000133,PAY006,Curbside Pickup,Pending,3509.2
ORD0000195,2024-01-09,CUS000179,PAY003,In Store,Completed,3392.5
ORD0000196,2025-12-11,CUS000034,PAY004,In Store,Processing,8069.27
ORD0000197,2025-01-27,CUS000023,PAY006,In Store,Pending,9792.66
ORD0000198,2024-11-16,CUS000095,PAY003,Online,Completed,11685.300000000001
ORD0000199,2024-05-16,CUS000165,PAY006,Online,Pending,1325.6
ORD0000200,2025-06-27,CUS000145,PAY001,Online,Completed,12993.66
ORD0000201,2024-12-25,CUS000185,PAY002,Online,Completed,10463.48
ORD0000202,2025-09-22,CUS000176,PAY004,Online,Pending,617.37
ORD0000203,2024-04-12,CUS000036,PAY001,Curbside Pickup,Shipped,9266.52
ORD0000204,2025-03-15,CUS000081,PAY002,Online,Shipped,11922.82
ORD0000205,2025-10-22,CUS000022,PAY002,Mobile App,Returned,13522.7
ORD0000206,2024-01-28,CUS000169,PAY003,Online,Cancelled,7043.5
ORD0000207,2025-09-13,CUS000131,PAY002,Curbside Pickup,Shipped,11157.65
ORD0000208,2025-10-23,CUS000014,PAY002,Curbside Pickup,Completed,5482.8
ORD0000209,2024-04-25,CUS000062,PAY004,In Store,Cancelled,8983.26
ORD0000210,2024-01-13,CUS000093,PAY003,Online,Completed,3228.72
ORD0000211,2025-08-05,CUS000108,PAY003,Online,Completed,10847.91
ORD0000212,2024-03-15,CUS000005,PAY005,In Store,Pending,7197.89
ORD0000213,2024-09-25,CUS000056,PAY001,In Store,Completed,2184.48
ORD0000214,2025-06-02,CUS000074,PAY006,Curbside Pickup,Completed,0.0
ORD0000215,2025-12-19,CUS000103,PAY001,Online,Shipped,16971.32
ORD0000216,2024-03-26,CUS000080,PAY001,Online,Processing,3929.3599999999997
ORD0000217,2025-07-03,CUS000084,PAY004,In Store,Shipped,6390.87
ORD0000218,2025-12-16,CUS000112,PAY006,Online,Pending,7774.889999999999
ORD0000219,2024-09-07,CUS000023,PAY004,In Store,Completed,10096.76
ORD0000220,2025-09-18,CUS000156,PAY001,Mobile App,Returned,12983.8
ORD0000221,2025-11-04,CUS000190,PAY002,In Store,Pending,4089.24
ORD0000222,2025-12-25,CUS000036,PAY006,In Store,Processing,7915.09
ORD0000223,2025-05-23,CUS000089,PAY005,Mobile App,Processing,0.0
ORD0000224,2025-01-15,CUS000033,PAY006,Mobile App,Returned,6915.89
ORD0000225,2024-04-30,CUS000198,PAY001,Mobile App,Completed,4026.89
ORD0000226,2024-10-05,CUS000135,PAY001,Mobile App,Returned,14233.51
ORD0000227,2025-08-13,CUS000161,PAY001,Curbside Pickup,Completed,4976.5199999999995
ORD0000228,2025-06-07,CUS000093,PAY001,Curbside Pickup,Cancelled,11351.07
ORD0000229,2024-06-19,CUS000095,PAY002,Mobile App,Pending,1496.12
ORD0000230,2025-08-10,CUS000173,PAY006,In Store,Processing,7321.54
ORD0000231,2025-06-05,CUS000001,PAY001,In Store,Processing,3807.05
ORD0000232,2024-02-17,CUS000121,PAY003,Curbside Pickup,Processing,14332.08
ORD0000233,2024-07-02,CUS000010,PAY005,Curbside Pickup,Processing,7959.42
ORD0000234,2024-11-25,CUS000064,PAY004,Mobile App,Shipped,5556.12
ORD0000235,2024-03-20,CUS000147,PAY003,In Store,Cancelled,2464.24
ORD0000236,2025-11-20,CUS000014,PAY002,Online,Cancelled,6207.14
ORD0000237,2024-02-17,CUS000103,PAY001,Curbside Pickup,Shipped,0.0
ORD0000238,2024-11-14,CUS000084,PAY001,Curbside Pickup,Pending,3644.92
ORD0000239,2025-01-12,CUS000052,PAY003,Mobile App,Returned,11508.61
ORD0000240,2025-09-29,CUS000063,PAY004,Mobile App,Cancelled,18462.38
ORD0000241,2025-05-20,CUS000198,PAY002,Online,Processing,1161.26
ORD0000242,2024-01-07,CUS000105,PAY001,Online,Cancelled,14910.789999999999
ORD0000243,2024-12-20,CUS000163,PAY006,In Store,Shipped,3444.7200000000003
ORD0000244,2024-01-02,CUS000195,PAY006,Curbside Pickup,Returned,4616.62
ORD0000245,2024-11-10,CUS000027,PAY002,Online,Completed,17135.26
ORD0000246,2025-05-18,CUS000016,PAY002,Mobile App,Pending,7509.879999999999
ORD0000247,2024-02-14,CUS000060,PAY005,Curbside Pickup,Returned,11014.39
ORD0000248,2025-01-16,CUS000118,PAY006,In Store,Cancelled,2740.21
ORD0000249,2024-04-07,CUS000130,PAY002,Curbside Pickup,Pending,6383.08
ORD0000250,2025-08-29,CUS000146,PAY001,Curbside Pickup,Returned,2369.78
ORD0000251,2024-05-13,CUS000061,PAY003,Mobile App,Shipped,9628.52
ORD0000252,2025-02-06,CUS000180,PAY006,Mobile App,Shipped,4730.95
ORD0000253,2025-04-08,CUS000070,PAY002,In Store,Processing,7158.27
ORD0000254,2024-05-19,CUS000200,PAY005,In Store,Processing,17696.08
ORD0000255,2024-04-18,CUS000043,PAY004,Curbside Pickup,Shipped,1798.0900000000001
ORD0000256,2025-02-20,CUS000031,PAY005,Mobile App,Processing,0.0
ORD0000257,2025-04-07,CUS000079,PAY004,Mobile App,Pending,10385.33
ORD0000258,2024-04-02,CUS000041,PAY006,Mobile App,Returned,7914.200000000001
ORD0000259,2025-12-14,CUS000155,PAY001,Online,Shipped,5572.16
ORD0000260,2024-05-31,CUS000024,PAY006,Online,Shipped,875.3199999999999
ORD0000261,2025-02-09,CUS000132,PAY001,Mobile App,Shipped,8749.27
ORD0000262,2024-06-27,CUS000008,PAY004,Curbside Pickup,Cancelled,0.0
ORD0000263,2025-07-17,CUS000064,PAY001,Curbside Pickup,Pending,13632.33
ORD0000264,2024-05-23,CUS000032,PAY001,In Store,Processing,2109.3
ORD0000265,2024-05-13,CUS000051,PAY004,Mobile App,Returned,8299.21
ORD0000266,2025-10-07,CUS000166,PAY001,Mobile App,Pending,13557.29
ORD0000267,2024-01-23,CUS000017,PAY002,Curbside Pickup,Processing,16521.97
ORD0000268,2024-04-04,CUS000085,PAY001,In Store,Completed,8231.57
ORD0000269,2024-02-21,CUS000044,PAY005,Curbside Pickup,Returned,2565.3
ORD0000270,2025-02-08,CUS000128,PAY001,Curbside Pickup,Returned,7930.12
ORD0000271,2025-03-12,CUS000045,PAY003,Online,Processing,4597.3
ORD0000272,2024-10-08,CUS000072,PAY004,Online,Pending,8516.970000000001
ORD0000273,2025-09-20,CUS000159,PAY005,Online,Returned,1018.03
ORD0000274,2024-10-29,CUS000128,PAY004,Curbside Pickup,Pending,11684.150000000001
ORD0000275,2024-03-30,CUS000072,PAY004,Online,Completed,9875.74
ORD0000276,2024-07-23,CUS000165,PAY005,Online,Returned,6935.45
ORD0000277,2025-07-10,CUS000005,PAY004,Mobile App,Completed,3534.15
ORD0000278,2025-07-11,CUS000125,PAY003,Mobile App,Completed,860.9200000000001
ORD0000279,2024-10-03,CUS000047,PAY001,Mobile App,Cancelled,3745.49
ORD0000280,2024-08-12,CUS000008,PAY003,In Store,Completed,5994.58
ORD0000281,2025-06-26,CUS000092,PAY005,Online,Processing,13737.91
ORD0000282,2024-04-12,CUS000064,PAY006,Online,Shipped,8308.61
ORD0000283,2025-06-30,CUS000189,PAY001,Online,Cancelled,5873.93
ORD0000284,2025-02-01,CUS000091,PAY002,Online,Processing,7492.4400000000005
ORD0000285,2025-08-29,CUS000082,PAY006,Mobile App,Cancelled,1255.8
ORD0000286,2024-01-29,CUS000181,PAY006,Mobile App,Cancelled,11284.98
ORD0000287,2025-07-31,CUS000037,PAY005,Online,Completed,11462.98
ORD0000288,2025-07-09,CUS000080,PAY002,Curbside Pickup,Pending,4349.83
ORD0000289,2024-04-02,CUS000015,PAY002,Online,Pending,10122.199999999999
ORD0000290,2025-06-23,CUS000123,PAY001,Mobile App,Cancelled,5734.38
ORD0000291,2024-07-25,CUS000034,PAY003,Online,Shipped,8884.23
ORD0000292,2024-03-01,CUS000006,PAY002,Online,Pending,16633.62
ORD0000293,2025-06-22,CUS000094,PAY001,Mobile App,Returned,4613.13
ORD0000294,2025-11-09,CUS000102,PAY005,In Store,Shipped,896.87
ORD0000295,2024-11-05,CUS000083,PAY002,Online,Returned,4323.88
ORD0000296,2025-03-23,CUS000164,PAY004,Mobile App,Processing,4881.24
ORD0000297,2025-12-25,CUS000144,PAY006,Mobile App,Processing,13483.96
ORD0000298,2025-11-12,CUS000151,PAY002,Curbside Pickup,Shipped,12265.09
ORD0000299,2025-12-06,CUS000076,PAY002,Online,Returned,4863.27
ORD0000300,2024-01-02,CUS000180,PAY005,Curbside Pickup,Cancelled,0.0
ORD0000301,2024-02-03,CUS000047,PAY005,Mobile App,Cancelled,1306.1
ORD0000302,2024-08-14,CUS000164,PAY005,In Store,Completed,9479.6
ORD0000303,2024-05-24,CUS000085,PAY006,In Store,Processing,10195.96
ORD0000304,2024-12-21,CUS000082,PAY002,In Store,Returned,8647.11
ORD0000305,2025-11-17,CUS000164,PAY006,Mobile App,Completed,1915.25
ORD0000306,2024-01-12,CUS000068,PAY002,Online,Returned,11535.18
ORD0000307,2024-03-10,CUS000090,PAY003,In Store,Returned,21723.260000000002
ORD0000308,2024-01-02,CUS000013,PAY004,Curbside Pickup,Returned,6003.89
ORD0000309,2025-03-05,CUS000043,PAY004,Curbside Pickup,Completed,8691.42
ORD0000310,2024-12-25,CUS000140,PAY004,In Store,Completed,3515.68
ORD0000311,2025-08-14,CUS000167,PAY006,Online,Processing,7352.24
ORD0000312,2025-04-07,CUS000019,PAY001,Mobile App,Pending,11667.390000000001
ORD0000313,2024-11-22,CUS000067,PAY001,In Store,Shipped,5458.6
ORD0000314,2024-06-23,CUS000097,PAY002,In Store,Cancelled,1953.02
ORD0000315,2024-04-05,CUS000087,PAY005,Curbside Pickup,Returned,6402.26
ORD0000316,2024-02-01,CUS000111,PAY006,Online,Cancelled,1755.48
ORD0000317,2025-03-20,CUS000041,PAY001,In Store,Shipped,6449.57
ORD0000318,2024-07-29,CUS000049,PAY004,Mobile App,Returned,2477.68
ORD0000319,2024-10-15,CUS000077,PAY002,In Store,Pending,6138.43
ORD0000320,2025-02-06,CUS000147,PAY005,Curbside Pickup,Processing,5237.5
ORD0000321,2024-02-25,CUS000093,PAY001,Curbside Pickup,Pending,4960.14
ORD0000322,2024-10-28,CUS000170,PAY006,Curbside Pickup,Processing,4787.77
ORD0000323,2024-04-09,CUS000007,PAY002,Online,Returned,8948.8
ORD0000324,2024-10-25,CUS000021,PAY004,In Store,Shipped,17933.949999999997
ORD0000325,2025-02-11,CUS000121,PAY004,Mobile App,Pending,14928.52
ORD0000326,2025-10-19,CUS000140,PAY004,Online,Shipped,8146.98
ORD0000327,2025-01-25,CUS000095,PAY002,Curbside Pickup,Pending,476.82
ORD0000328,2024-09-26,CUS000113,PAY004,Mobile App,Processing,3825.94
ORD0000329,2024-10-02,CUS000145,PAY001,Online,Returned,7137.9
ORD0000330,2025-11-14,CUS000025,PAY001,Mobile App,Cancelled,2998.12
ORD0000331,2025-02-27,CUS000194,PAY005,Online,Cancelled,13288.32
ORD0000332,2024-03-03,CUS000100,PAY005,Curbside Pickup,Cancelled,2244.96
ORD0000333,2025-12-04,CUS000122,PAY005,Online,Completed,7695.509999999999
ORD0000334,2024-11-02,CUS000021,PAY004,In Store,Cancelled,6742.68
ORD0000335,2025-08-07,CUS000133,PAY005,Online,Pending,1721.98
ORD0000336,2025-04-04,CUS000045,PAY002,Online,Processing,1681.18
ORD0000337,2024-05-09,CUS000011,PAY004,In Store,Returned,9621.21
ORD0000338,2025-03-21,CUS000052,PAY006,Online,Cancelled,9703.65
ORD0000339,2024-09-21,CUS000082,PAY006,In Store,Pending,0.0
ORD0000340,2025-02-01,CUS000143,PAY004,Mobile App,Shipped,5684.02
ORD0000341,2025-06-16,CUS000118,PAY001,Curbside Pickup,Pending,2186.48
ORD0000342,2025-02-28,CUS000039,PAY002,In Store,Pending,0.0
ORD0000343,2025-07-30,CUS000200,PAY001,Mobile App,Cancelled,5337.2699999999995
ORD0000344,2024-12-18,CUS000106,PAY003,Curbside Pickup,Returned,6234.59
ORD0000345,2025-05-12,CUS000147,PAY005,Curbside Pickup,Pending,16924.489999999998
ORD0000346,2024-06-25,CUS000071,PAY004,Online,Cancelled,2206.59
ORD0000347,2025-09-15,CUS000175,PAY006,Curbside Pickup,Pending,5218.5599999999995
ORD0000348,2025-02-09,CUS000085,PAY006,Online,Pending,9795.39
ORD0000349,2025-05-01,CUS000069,PAY003,In Store,Shipped,4330.280000000001
ORD0000350,2024-11-06,CUS000080,PAY003,Curbside Pickup,Returned,11094.33
ORD0000351,2025-12-02,CUS000026,PAY002,Online,Shipped,8981.060000000001
ORD0000352,2025-03-29,CUS000199,PAY003,Mobile App,Returned,7959.05
ORD0000353,2025-03-02,CUS000155,PAY006,In Store,Processing,3839.4199999999996
ORD0000354,2025-03-28,CUS000055,PAY004,Curbside Pickup,Cancelled,2579.52
ORD0000355,2025-01-17,CUS000015,PAY005,Online,Pending,0.0
ORD0000356,2024-11-14,CUS000182,PAY005,Curbside Pickup,Processing,9863.96
ORD0000357,2025-06-20,CUS000146,PAY001,Online,Processing,14501.81
ORD0000358,2024-07-24,CUS000015,PAY002,In Store,Completed,10429.619999999999
ORD0000359,2024-02-21,CUS000093,PAY006,Online,Shipped,1191.58
ORD0000360,2025-01-12,CUS000119,PAY005,Curbside Pickup,Returned,6071.22
ORD0000361,2024-05-06,CUS000175,PAY001,Online,Shipped,5701.96
ORD0000362,2025-05-15,CUS000153,PAY004,Online,Completed,1958.6399999999999
ORD0000363,2025-08-23,CUS000142,PAY003,Mobile App,Processing,10190.17
ORD0000364,2024-09-21,CUS000192,PAY006,In Store,Shipped,5420.74
ORD0000365,2024-01-29,CUS000099,PAY001,Online,Cancelled,2013.52
ORD0000366,2024-08-07,CUS000057,PAY006,Online,Returned,8404.56
ORD0000367,2024-07-30,CUS000069,PAY006,Curbside Pickup,Cancelled,7230.73
ORD0000368,2024-01-21,CUS000200,PAY006,In Store,Completed,1976.9099999999999
ORD0000369,2024-05-15,CUS000166,PAY002,In Store,Processing,1295.1
ORD0000370,2024-09-15,CUS000156,PAY003,Mobile App,Completed,16004.67
ORD0000371,2025-01-20,CUS000090,PAY004,Mobile App,Processing,10735.28
ORD0000372,2025-04-22,CUS000078,PAY006,Curbside Pickup,Cancelled,3408.39
ORD0000373,2024-04-14,CUS000002,PAY005,Mobile App,Cancelled,5020.03
ORD0000374,2025-10-24,CUS000153,PAY005,Mobile App,Shipped,1297.52
ORD0000375,2025-12-01,CUS000028,PAY004,In Store,Shipped,3583.76
ORD0000376,2024-10-10,CUS000164,PAY003,Mobile App,Shipped,1160.8
ORD0000377,2025-11-02,CUS000183,PAY006,Mobile App,Processing,9193.68
ORD0000378,2024-06-02,CUS000133,PAY002,In Store,Cancelled,9057.630000000001
ORD0000379,2025-02-17,CUS000170,PAY003,Online,Returned,5428.7699999999995
ORD0000380,2024-01-27,CUS000168,PAY004,Mobile App,Shipped,4585.91
ORD0000381,2025-03-04,CUS000104,PAY004,In Store,Cancelled,15505.890000000001
ORD0000382,2025-12-26,CUS000147,PAY002,Mobile App,Returned,7750.5
ORD0000383,2025-12-31,CUS000057,PAY006,Curbside Pickup,Returned,6102.08
ORD0000384,2025-01-02,CUS000130,PAY003,Online,Returned,8874.17
ORD0000385,2025-07-25,CUS000047,PAY003,In Store,Completed,6698.95
ORD0000386,2024-05-11,CUS000190,PAY003,Online,Returned,664.05
ORD0000387,2024-12-09,CUS000168,PAY001,Online,Shipped,9009.919999999998
ORD0000388,2024-08-16,CUS000191,PAY003,Curbside Pickup,Shipped,9210.14
ORD0000389,2025-01-15,CUS000067,PAY005,Mobile App,Completed,12162.64
ORD0000390,2024-04-30,CUS000121,PAY001,In Store,Completed,1300.98
ORD0000391,2024-07-18,CUS000129,PAY001,Curbside Pickup,Cancelled,15561.85
ORD0000392,2024-11-01,CUS000106,PAY001,Online,Processing,4923.27
ORD0000393,2024-07-24,CUS000088,PAY004,Curbside Pickup,Processing,2318.52
ORD0000394,2024-11-19,CUS000184,PAY002,In Store,Completed,20559.2
ORD0000395,2024-12-06,CUS000162,PAY002,Mobile App,Returned,3721.33
ORD0000396,2024-02-29,CUS000002,PAY004,Mobile App,Processing,3416.5
ORD0000397,2024-06-21,CUS000148,PAY002,Curbside Pickup,Pending,2842.98
ORD0000398,2024-05-12,CUS000158,PAY004,Curbside Pickup,Completed,3053.88
ORD0000399,2025-03-15,CUS000123,PAY004,In Store,Pending,8309.419999999998
ORD0000400,2025-06-30,CUS000052,PAY006,Mobile App,Pending,7048.18
ORD0000401,2024-11-25,CUS000194,PAY005,Online,Pending,13464.2
ORD0000402,2025-11-23,CUS000002,PAY006,Online,Processing,2225.61
ORD0000403,2025-12-11,CUS000089,PAY003,Online,Pending,32.25
ORD0000404,2025-01-27,CUS000129,PAY005,Mobile App,Processing,17675.71
ORD0000405,2024-03-07,CUS000012,PAY003,Mobile App,Completed,17056.64
ORD0000406,2025-06-16,CUS000153,PAY005,Mobile App,Completed,3563.32
ORD0000407,2025-12-04,CUS000035,PAY003,Curbside Pickup,Shipped,4135.34
ORD0000408,2024-07-11,CUS000043,PAY004,In Store,Processing,10927.24
ORD0000409,2024-08-17,CUS000187,PAY002,Online,Returned,6192.77
ORD0000410,2024-01-23,CUS000151,PAY005,Online,Pending,5808.22
ORD0000411,2025-01-10,CUS000183,PAY006,In Store,Completed,8695.57
ORD0000412,2025-10-17,CUS000066,PAY005,In Store,Cancelled,13774.5
ORD0000413,2024-02-19,CUS000170,PAY001,In Store,Pending,3792.1899999999996
ORD0000414,2025-12-07,CUS000030,PAY004,Curbside Pickup,Completed,0.0
ORD0000415,2024-05-06,CUS000141,PAY003,Curbside Pickup,Returned,625.0699999999999
ORD0000416,2024-06-05,CUS000053,PAY006,In Store,Shipped,1483.45
ORD0000417,2025-03-06,CUS000170,PAY001,Mobile App,Cancelled,3469.87
ORD0000418,2025-09-12,CUS000180,PAY002,Curbside Pickup,Pending,6628.0
ORD0000419,2025-06-07,CUS000185,PAY005,In Store,Shipped,1047.98
ORD0000420,2024-04-26,CUS000028,PAY004,Online,Cancelled,11605.51
ORD0000421,2024-07-23,CUS000200,PAY003,Online,Shipped,5623.299999999999
ORD0000422,2025-12-21,CUS000105,PAY003,Online,Pending,12024.79
ORD0000423,2025-07-15,CUS000128,PAY002,Curbside Pickup,Shipped,3708.04
ORD0000424,2024-08-28,CUS000001,PAY001,In Store,Pending,9533.63
ORD0000425,2025-08-10,CUS000172,PAY004,Online,Pending,3884.54
ORD0000426,2025-06-07,CUS000020,PAY006,In Store,Shipped,4768.18
ORD0000427,2025-10-21,CUS000060,PAY004,Mobile App,Shipped,2542.46
ORD0000428,2025-04-20,CUS000013,PAY001,Online,Pending,7694.62
ORD0000429,2024-10-24,CUS000093,PAY006,Mobile App,Completed,11096.35
ORD0000430,2024-04-28,CUS000025,PAY001,In Store,Processing,11672.93
ORD0000431,2025-11-10,CUS000166,PAY002,Mobile App,Shipped,2717.19
ORD0000432,2025-03-24,CUS000160,PAY003,In Store,Shipped,14462.53
ORD0000433,2024-12-16,CUS000047,PAY001,Curbside Pickup,Completed,9875.71
ORD0000434,2025-04-12,CUS000070,PAY004,Curbside Pickup,Completed,20382.33
ORD0000435,2025-10-26,CUS000043,PAY001,Online,Returned,0.0
ORD0000436,2024-03-01,CUS000041,PAY001,Curbside Pickup,Cancelled,0.0
ORD0000437,2025-05-09,CUS000146,PAY006,Curbside Pickup,Processing,13212.93
ORD0000438,2025-09-17,CUS000098,PAY003,In Store,Returned,12498.59
ORD0000439,2024-05-13,CUS000124,PAY004,In Store,Completed,3205.08
ORD0000440,2025-03-27,CUS000012,PAY001,Mobile App,Returned,16093.89
ORD0000441,2024-11-17,CUS000004,PAY006,Online,Returned,5816.39
ORD0000442,2024-12-12,CUS000133,PAY005,In Store,Completed,2251.08
ORD0000443,2025-11-08,CUS000187,PAY002,Curbside Pickup,Shipped,10433.09
ORD0000444,2025-11-10,CUS000174,PAY006,Curbside Pickup,Processing,10207.39
ORD0000445,2025-07-25,CUS000157,PAY001,In Store,Returned,3406.09
ORD0000446,2024-06-09,CUS000130,PAY004,Curbside Pickup,Processing,3207.26
ORD0000447,2024-03-17,CUS000193,PAY004,Mobile App,Processing,17447.28
ORD0000448,2024-12-04,CUS000072,PAY001,Online,Cancelled,3635.4
ORD0000449,2025-10-20,CUS000097,PAY004,Online,Pending,3650.16
ORD0000450,2025-04-15,CUS000114,PAY005,Curbside Pickup,Pending,3196.36
ORD0000451,2025-05-25,CUS000115,PAY003,In Store,Completed,2870.97
ORD0000452,2025-10-31,CUS000005,PAY001,Curbside Pickup,Completed,7716.12
ORD0000453,2024-02-06,CUS000143,PAY005,In Store,Pending,1366.6
ORD0000454,2025-09-10,CUS000159,PAY006,Mobile App,Cancelled,5464.4800000000005
ORD0000455,2025-07-29,CUS000053,PAY006,Curbside Pickup,Shipped,14059.67
ORD0000456,2025-01-07,CUS000014,PAY002,Curbside Pickup,Shipped,13013.109999999999
ORD0000457,2025-07-27,CUS000197,PAY005,Curbside Pickup,Returned,8120.65
ORD0000458,2025-11-03,CUS000094,PAY006,Curbside Pickup,Pending,6804.3
ORD0000459,2024-04-09,CUS000195,PAY006,Online,Pending,1341.63
ORD0000460,2024-12-15,CUS000091,PAY006,Mobile App,Cancelled,12194.35
ORD0000461,2025-06-18,CUS000096,PAY006,In Store,Pending,2320.9
ORD0000462,2024-06-17,CUS000127,PAY002,Curbside Pickup,Pending,5386.17
ORD0000463,2024-09-17,CUS000157,PAY002,Online,Pending,11267.220000000001
ORD0000464,2025-02-06,CUS000056,PAY004,Online,Returned,2080.94
ORD0000465,2024-12-12,CUS000028,PAY004,In Store,Returned,10723.53
ORD0000466,2025-11-19,CUS000151,PAY001,Curbside Pickup,Completed,9753.59
ORD0000467,2025-11-05,CUS000151,PAY005,Online,Completed,8922.21
ORD0000468,2024-01-05,CUS000136,PAY006,In Store,Cancelled,3661.9500000000003
ORD0000469,2025-03-19,CUS000150,PAY004,Online,Returned,5893.0199999999995
ORD0000470,2025-08-15,CUS000045,PAY006,Online,Pending,9499.41
ORD0000471,2025-01-31,CUS000169,PAY005,Mobile App,Cancelled,2497.76
ORD0000472,2025-01-28,CUS000108,PAY005,Online,Shipped,10142.45
ORD0000473,2025-02-11,CUS000088,PAY003,Curbside Pickup,Processing,0.0
ORD0000474,2024-05-21,CUS000106,PAY005,Mobile App,Returned,0.0
ORD0000475,2025-07-14,CUS000081,PAY006,Online,Processing,6156.4
ORD0000476,2024-08-02,CUS000160,PAY006,Mobile App,Returned,4202.97
ORD0000477,2024-12-19,CUS000173,PAY002,Online,Cancelled,0.0
ORD0000478,2025-07-09,CUS000178,PAY006,Mobile App,Returned,1053.5
ORD0000479,2024-04-28,CUS000195,PAY003,Curbside Pickup,Cancelled,1084.86
ORD0000480,2025-08-07,CUS000171,PAY006,Curbside Pickup,Returned,8069.209999999999
ORD0000481,2025-06-30,CUS000074,PAY004,In Store,Cancelled,2758.06
ORD0000482,2024-04-19,CUS000007,PAY004,Online,Pending,1754.04
ORD0000483,2025-11-17,CUS000015,PAY002,Mobile App,Processing,8422.35
ORD0000484,2024-10-20,CUS000175,PAY003,Online,Pending,5170.52
ORD0000485,2025-12-08,CUS000076,PAY002,In Store,Shipped,7434.95
ORD0000486,2025-04-08,CUS000027,PAY005,Online,Returned,14062.2
ORD0000487,2025-10-24,CUS000144,PAY004,Online,Cancelled,11341.720000000001
ORD0000488,2025-12-13,CUS000074,PAY006,In Store,Completed,5673.7
ORD0000489,2025-01-31,CUS000107,PAY006,Mobile App,Cancelled,15716.599999999999
ORD0000490,2024-02-25,CUS000004,PAY006,Mobile App,Processing,11936.59
ORD0000491,2025-09-27,CUS000200,PAY004,Online,Returned,5014.889999999999
ORD0000492,2025-12-22,CUS000182,PAY006,Mobile App,Cancelled,5567.97
ORD0000493,2025-07-13,CUS000190,PAY005,Online,Returned,8686.34
ORD0000494,2024-07-17,CUS000076,PAY004,Online,Returned,3016.58
ORD0000495,2024-03-17,CUS000048,PAY002,In Store,Completed,4207.17
ORD0000496,2024-02-11,CUS000110,PAY003,Mobile App,Processing,2031.64
ORD0000497,2024-06-13,CUS000150,PAY003,In Store,Shipped,18348.78
ORD0000498,2025-04-22,CUS000182,PAY002,In Store,Processing,14660.94
ORD0000499,2024-11-26,CUS000153,PAY001,Mobile App,Completed,5583.35
ORD0000500,2025-08-09,CUS000141,PAY003,In Store,Returned,7224.879999999999
ORD0000501,2024-11-21,CUS000135,PAY002,Online,Cancelled,18805.49
ORD0000502,2024-03-10,CUS000130,PAY002,Curbside Pickup,Cancelled,2643.74
ORD0000503,2025-07-03,CUS000104,PAY001,Mobile App,Processing,11052.130000000001
ORD0000504,2024-08-06,CUS000170,PAY003,Mobile App,Shipped,9745.119999999999
ORD0000505,2024-10-27,CUS000056,PAY005,Curbside Pickup,Cancelled,11675.689999999999
ORD0000506,2025-10-26,CUS000003,PAY001,Mobile App,Completed,14427.36
ORD0000507,2024-09-03,CUS000165,PAY005,Online,Pending,6304.509999999999
ORD0000508,2025-11-29,CUS000083,PAY004,In Store,Completed,5242.15
ORD0000509,2024-09-19,CUS000139,PAY006,Mobile App,Pending,1263.48
ORD0000510,2025-06-13,CUS000198,PAY003,Curbside Pickup,Completed,3479.06
ORD0000511,2024-02-14,CUS000076,PAY006,Online,Shipped,13611.77
ORD0000512,2025-06-10,CUS000022,PAY001,Online,Cancelled,11911.73
ORD0000513,2025-06-30,CUS000002,PAY006,In Store,Processing,4040.69
ORD0000514,2025-11-17,CUS000162,PAY002,Curbside Pickup,Pending,8689.08
ORD0000515,2024-07-29,CUS000138,PAY006,Curbside Pickup,Returned,17411.4
ORD0000516,2024-03-14,CUS000192,PAY006,Online,Pending,6352.18
ORD0000517,2025-04-15,CUS000184,PAY003,In Store,Pending,15103.67
ORD0000518,2024-03-16,CUS000014,PAY002,Mobile App,Cancelled,9961.77
ORD0000519,2024-03-13,CUS000148,PAY002,Mobile App,Completed,5369.530000000001
ORD0000520,2025-02-01,CUS000116,PAY006,Curbside Pickup,Completed,11826.86
ORD0000521,2024-11-19,CUS000005,PAY004,In Store,Cancelled,1741.74
ORD0000522,2024-01-07,CUS000165,PAY006,In Store,Returned,4032.48
ORD0000523,2025-08-22,CUS000012,PAY006,In Store,Shipped,8045.5199999999995
ORD0000524,2025-05-29,CUS000028,PAY003,Mobile App,Cancelled,7487.46
ORD0000525,2024-03-29,CUS000073,PAY004,Curbside Pickup,Completed,8289.19
ORD0000526,2025-11-07,CUS000008,PAY004,Online,Cancelled,6325.08
ORD0000527,2024-08-13,CUS000035,PAY006,Curbside Pickup,Cancelled,2033.1599999999999
ORD0000528,2024-10-29,CUS000163,PAY002,Mobile App,Returned,5489.0
ORD0000529,2025-10-25,CUS000096,PAY001,Online,Pending,10044.130000000001
ORD0000530,2024-02-12,CUS000002,PAY005,Curbside Pickup,Cancelled,6967.68
ORD0000531,2025-07-14,CUS000022,PAY003,Online,Returned,4826.87
ORD0000532,2024-12-18,CUS000055,PAY004,Online,Processing,10600.599999999999
ORD0000533,2024-07-07,CUS000057,PAY005,Mobile App,Processing,10743.81
ORD0000534,2024-04-27,CUS000047,PAY006,In Store,Cancelled,10605.42
ORD0000535,2025-04-17,CUS000166,PAY005,In Store,Shipped,2498.31
ORD0000536,2025-11-18,CUS000018,PAY003,In Store,Processing,14305.91
ORD0000537,2025-08-17,CUS000125,PAY003,Mobile App,Processing,0.0
ORD0000538,2025-11-18,CUS000168,PAY002,In Store,Shipped,7745.88
ORD0000539,2025-09-26,CUS000018,PAY002,Mobile App,Completed,4509.469999999999
ORD0000540,2025-04-06,CUS000085,PAY005,Mobile App,Returned,12868.740000000002
ORD0000541,2025-08-21,CUS000040,PAY005,Mobile App,Shipped,2792.4
ORD0000542,2025-03-14,CUS000044,PAY001,Mobile App,Processing,7464.01
ORD0000543,2024-08-14,CUS000183,PAY006,Curbside Pickup,Shipped,0.0
ORD0000544,2025-01-03,CUS000035,PAY006,Mobile App,Completed,8203.32
ORD0000545,2025-04-18,CUS000115,PAY003,Mobile App,Completed,480.67
ORD0000546,2025-07-18,CUS000028,PAY002,In Store,Shipped,239.0
ORD0000547,2024-05-23,CUS000138,PAY002,Mobile App,Returned,9983.5
ORD0000548,2025-10-03,CUS000020,PAY006,In Store,Pending,3175.45
ORD0000549,2025-06-03,CUS000162,PAY001,Curbside Pickup,Cancelled,8559.599999999999
ORD0000550,2024-08-05,CUS000010,PAY005,Mobile App,Cancelled,5739.82
ORD0000551,2025-07-06,CUS000121,PAY006,Online,Shipped,3146.19
ORD0000552,2025-02-05,CUS000058,PAY005,Mobile App,Processing,17355.829999999998
ORD0000553,2025-04-20,CUS000129,PAY005,In Store,Completed,820.92
ORD0000554,2025-01-07,CUS000129,PAY001,Online,Cancelled,0.0
ORD0000555,2025-12-01,CUS000043,PAY005,Online,Completed,3397.1
ORD0000556,2024-06-12,CUS000046,PAY005,Online,Returned,2855.38
ORD0000557,2025-05-10,CUS000092,PAY001,Online,Completed,3434.5
ORD0000558,2024-08-25,CUS000017,PAY003,Mobile App,Processing,0.0
ORD0000559,2024-02-13,CUS000172,PAY002,Mobile App,Completed,6495.47
ORD0000560,2025-04-25,CUS000117,PAY001,In Store,Returned,14130.5
ORD0000561,2024-11-27,CUS000027,PAY006,Mobile App,Returned,5581.81
ORD0000562,2024-09-26,CUS000149,PAY005,Online,Completed,1450.2
ORD0000563,2025-10-31,CUS000097,PAY003,In Store,Cancelled,7825.94
ORD0000564,2024-09-14,CUS000097,PAY002,Curbside Pickup,Shipped,2530.21
ORD0000565,2024-12-19,CUS000125,PAY004,In Store,Cancelled,18092.67
ORD0000566,2024-05-22,CUS000113,PAY002,Online,Pending,12037.06
ORD0000567,2025-06-10,CUS000165,PAY003,Online,Processing,3332.17
ORD0000568,2024-07-10,CUS000041,PAY003,In Store,Returned,6199.45
ORD0000569,2024-08-23,CUS000107,PAY003,In Store,Completed,0.0
ORD0000570,2025-11-22,CUS000123,PAY004,Online,Cancelled,5358.94
ORD0000571,2024-06-14,CUS000166,PAY004,In Store,Processing,3524.01
ORD0000572,2024-02-14,CUS000033,PAY005,Online,Processing,706.89
ORD0000573,2025-10-06,CUS000132,PAY001,Online,Pending,7025.750000000001
ORD0000574,2024-06-19,CUS000067,PAY002,Curbside Pickup,Cancelled,376.64
ORD0000575,2025-07-31,CUS000164,PAY001,Mobile App,Pending,3129.1099999999997
ORD0000576,2024-08-09,CUS000115,PAY005,Curbside Pickup,Completed,4563.83
ORD0000577,2024-06-23,CUS000057,PAY004,Online,Cancelled,10041.85
ORD0000578,2024-07-05,CUS000160,PAY006,Mobile App,Processing,4025.56
ORD0000579,2025-12-03,CUS000088,PAY004,In Store,Processing,6328.15
ORD0000580,2025-01-22,CUS000099,PAY002,In Store,Pending,15361.23
ORD0000581,2024-07-26,CUS000134,PAY005,Curbside Pickup,Processing,1288.96
ORD0000582,2025-09-12,CUS000025,PAY002,Curbside Pickup,Cancelled,13238.98
ORD0000583,2025-09-06,CUS000010,PAY005,In Store,Pending,3266.29
ORD0000584,2025-05-08,CUS000169,PAY002,In Store,Returned,3207.0600000000004
ORD0000585,2025-10-26,CUS000111,PAY005,Curbside Pickup,Shipped,2617.87
ORD0000586,2024-02-14,CUS000179,PAY005,Curbside Pickup,Processing,4639.66
ORD0000587,2025-05-08,CUS000197,PAY004,Mobile App,Cancelled,2896.0200000000004
ORD0000588,2025-12-14,CUS000148,PAY001,Curbside Pickup,Processing,5522.57
ORD0000589,2024-09-17,CUS000123,PAY002,In Store,Shipped,3500.8
ORD0000590,2025-09-04,CUS000140,PAY004,Mobile App,Processing,2939.6
ORD0000591,2024-01-06,CUS000182,PAY006,In Store,Cancelled,7064.66
ORD0000592,2025-06-19,CUS000031,PAY005,In Store,Completed,1840.52
ORD0000593,2025-11-01,CUS000053,PAY006,Mobile App,Completed,3483.48
ORD0000594,2025-01-05,CUS000028,PAY002,Curbside Pickup,Returned,3416.5
ORD0000595,2025-08-22,CUS000065,PAY003,Curbside Pickup,Cancelled,928.1
ORD0000596,2025-01-09,CUS000157,PAY003,Curbside Pickup,Processing,3961.35
ORD0000597,2025-02-27,CUS000142,PAY005,Curbside Pickup,Processing,0.0
ORD0000598,2025-01-14,CUS000144,PAY005,Curbside Pickup,Shipped,1502.14
ORD0000599,2024-11-10,CUS000148,PAY003,Curbside Pickup,Returned,1459.68
ORD0000600,2024-05-21,CUS000169,PAY001,Online,Completed,12700.09
ORD0000601,2025-12-17,CUS000042,PAY001,Online,Cancelled,7774.0599999999995
ORD0000602,2025-02-14,CUS000087,PAY005,In Store,Processing,9208.95
ORD0000603,2025-02-02,CUS000163,PAY001,In Store,Processing,2976.73
ORD0000604,2025-04-27,CUS000154,PAY004,In Store,Pending,0.0
ORD0000605,2024-09-26,CUS000057,PAY003,In Store,Cancelled,8314.45
ORD0000606,2024-02-08,CUS000186,PAY004,Curbside Pickup,Cancelled,3246.2999999999997
ORD0000607,2025-11-02,CUS000134,PAY003,In Store,Processing,7415.14
ORD0000608,2025-10-17,CUS000127,PAY004,In Store,Processing,11082.93
ORD0000609,2025-11-03,CUS000133,PAY003,Online,Pending,2083.26
ORD0000610,2025-09-05,CUS000131,PAY005,Online,Cancelled,10853.800000000001
ORD0000611,2024-06-22,CUS000173,PAY001,Mobile App,Processing,1544.53
ORD0000612,2025-11-01,CUS000001,PAY002,In Store,Shipped,2843.3
ORD0000613,2025-02-13,CUS000091,PAY006,Curbside Pickup,Completed,6715.77
ORD0000614,2025-08-23,CUS000052,PAY005,In Store,Returned,673.1400000000001
ORD0000615,2025-12-21,CUS000018,PAY001,Mobile App,Returned,10548.52
ORD0000616,2025-07-26,CUS000150,PAY003,Mobile App,Shipped,3016.84
ORD0000617,2024-08-19,CUS000156,PAY002,Curbside Pickup,Completed,11584.61
ORD0000618,2025-08-11,CUS000002,PAY003,Online,Completed,3156.94
ORD0000619,2025-06-02,CUS000028,PAY005,In Store,Cancelled,14708.37
ORD0000620,2024-10-28,CUS000088,PAY001,Mobile App,Cancelled,15851.92
ORD0000621,2025-08-11,CUS000065,PAY006,Curbside Pickup,Completed,14158.06
ORD0000622,2025-07-30,CUS000124,PAY002,Mobile App,Completed,2438.42
ORD0000623,2025-11-28,CUS000118,PAY005,In Store,Completed,4254.64
ORD0000624,2024-04-29,CUS000067,PAY001,Curbside Pickup,Returned,1271.71
ORD0000625,2024-08-13,CUS000174,PAY006,Online,Shipped,3534.45
ORD0000626,2025-02-26,CUS000091,PAY005,In Store,Returned,15453.29
ORD0000627,2024-09-26,CUS000064,PAY003,In Store,Completed,986.28
ORD0000628,2025-11-20,CUS000192,PAY003,In Store,Cancelled,2865.6
ORD0000629,2024-07-01,CUS000122,PAY003,Mobile App,Processing,11185.75
ORD0000630,2025-08-10,CUS000069,PAY002,Online,Completed,4547.4
ORD0000631,2024-07-23,CUS000061,PAY006,Online,Shipped,2471.98
ORD0000632,2024-07-30,CUS000059,PAY002,Online,Cancelled,9651.03
ORD0000633,2024-12-30,CUS000040,PAY001,In Store,Pending,9619.12
ORD0000634,2025-11-23,CUS000170,PAY004,In Store,Cancelled,10089.33
ORD0000635,2024-02-13,CUS000124,PAY003,Mobile App,Completed,4643.75
ORD0000636,2025-08-11,CUS000071,PAY004,Online,Cancelled,1986.79
ORD0000637,2024-10-13,CUS000102,PAY002,Online,Pending,5702.87
ORD0000638,2025-06-22,CUS000109,PAY004,In Store,Cancelled,5387.719999999999
ORD0000639,2024-12-21,CUS000101,PAY006,Online,Completed,568.44
ORD0000640,2024-05-03,CUS000179,PAY005,Curbside Pickup,Shipped,8731.68
ORD0000641,2025-12-06,CUS000003,PAY001,Online,Completed,2841.0
ORD0000642,2025-08-17,CUS000026,PAY003,Mobile App,Cancelled,9713.38
ORD0000643,2024-09-22,CUS000048,PAY005,Mobile App,Processing,6627.59
ORD0000644,2024-10-02,CUS000121,PAY005,Mobile App,Shipped,2595.24
ORD0000645,2024-07-07,CUS000128,PAY004,Online,Completed,6198.11
ORD0000646,2025-12-18,CUS000193,PAY003,Mobile App,Completed,6139.79
ORD0000647,2024-10-13,CUS000116,PAY002,Online,Cancelled,6284.13
ORD0000648,2025-12-03,CUS000059,PAY001,Mobile App,Processing,7738.52
ORD0000649,2025-07-22,CUS000111,PAY004,Online,Processing,12985.59
ORD0000650,2024-06-02,CUS000122,PAY001,Online,Completed,4938.97
ORD0000651,2025-05-26,CUS000035,PAY006,Mobile App,Completed,16420.04
ORD0000652,2024-11-03,CUS000065,PAY005,In Store,Completed,9209.880000000001
ORD0000653,2024-04-11,CUS000177,PAY002,In Store,Processing,0.0
ORD0000654,2024-09-17,CUS000122,PAY006,In Store,Completed,6369.950000000001
ORD0000655,2024-12-08,CUS000067,PAY003,Mobile App,Cancelled,15207.89
ORD0000656,2025-07-24,CUS000066,PAY003,In Store,Completed,3771.98
ORD0000657,2024-05-04,CUS000090,PAY006,Online,Cancelled,17511.64
ORD0000658,2025-08-12,CUS000167,PAY006,Online,Shipped,647.95
ORD0000659,2024-12-29,CUS000084,PAY006,Curbside Pickup,Returned,4426.8
ORD0000660,2025-04-02,CUS000021,PAY004,Mobile App,Completed,10608.5
ORD0000661,2025-10-08,CUS000038,PAY002,Mobile App,Completed,7542.6
ORD0000662,2025-10-08,CUS000157,PAY005,Curbside Pickup,Pending,9700.34
ORD0000663,2024-03-22,CUS000042,PAY003,Online,Shipped,2601.1000000000004
ORD0000664,2024-11-20,CUS000168,PAY003,Mobile App,Cancelled,10088.38
ORD0000665,2025-10-22,CUS000102,PAY003,Curbside Pickup,Shipped,11797.04
ORD0000666,2025-08-24,CUS000134,PAY004,Curbside Pickup,Processing,19815.8
ORD0000667,2024-07-07,CUS000006,PAY002,Online,Returned,1323.04
ORD0000668,2024-09-14,CUS000191,PAY006,In Store,Processing,25394.1
ORD0000669,2024-06-19,CUS000102,PAY001,In Store,Pending,6200.97
ORD0000670,2025-04-29,CUS000141,PAY001,In Store,Completed,4148.08
ORD0000671,2025-06-20,CUS000196,PAY001,In Store,Shipped,2504.64
ORD0000672,2025-09-24,CUS000040,PAY001,Curbside Pickup,Shipped,2558.62
ORD0000673,2024-08-22,CUS000064,PAY006,Mobile App,Completed,3314.32
ORD0000674,2025-10-03,CUS000033,PAY002,Online,Pending,9051.72
ORD0000675,2024-02-05,CUS000170,PAY003,Mobile App,Completed,7523.59
ORD0000676,2025-04-23,CUS000139,PAY003,Curbside Pickup,Processing,21222.39
ORD0000677,2025-12-15,CUS000139,PAY002,Curbside Pickup,Returned,9019.19
ORD0000678,2025-10-13,CUS000145,PAY004,Mobile App,Shipped,9812.27
ORD0000679,2025-05-08,CUS000139,PAY002,In Store,Completed,4298.76
ORD0000680,2024-11-11,CUS000094,PAY004,Mobile App,Processing,0.0
ORD0000681,2024-11-06,CUS000003,PAY001,Online,Shipped,5087.95
ORD0000682,2024-10-20,CUS000121,PAY005,In Store,Returned,8520.55
ORD0000683,2025-05-18,CUS000194,PAY004,Mobile App,Pending,13457.94
ORD0000684,2025-03-16,CUS000075,PAY005,Online,Pending,7653.35
ORD0000685,2025-07-15,CUS000096,PAY002,Curbside Pickup,Cancelled,0.0
ORD0000686,2025-03-23,CUS000102,PAY002,Online,Returned,10571.579999999998
ORD0000687,2025-10-23,CUS000100,PAY004,Online,Shipped,0.0
ORD0000688,2024-03-22,CUS000109,PAY006,Online,Cancelled,6540.01
ORD0000689,2025-09-19,CUS000178,PAY006,Mobile App,Shipped,15941.130000000001
ORD0000690,2025-10-26,CUS000191,PAY005,Mobile App,Completed,6760.959999999999
ORD0000691,2024-07-11,CUS000018,PAY002,Online,Shipped,931.41
ORD0000692,2024-04-23,CUS000164,PAY004,Curbside Pickup,Shipped,5042.1
ORD0000693,2025-12-18,CUS000160,PAY004,Online,Shipped,6916.02
ORD0000694,2024-01-20,CUS000039,PAY001,In Store,Processing,10362.81
ORD0000695,2024-04-14,CUS000073,PAY003,Online,Returned,11949.22
ORD0000696,2025-03-24,CUS000187,PAY001,Online,Pending,8164.6
ORD0000697,2024-06-03,CUS000004,PAY004,Online,Shipped,8030.85
ORD0000698,2025-03-06,CUS000080,PAY004,Mobile App,Completed,4571.43
ORD0000699,2025-12-14,CUS000009,PAY003,In Store,Processing,7220.070000000001
ORD0000700,2024-02-27,CUS000069,PAY004,In Store,Cancelled,6819.7
ORD0000701,2025-04-26,CUS000047,PAY002,Mobile App,Completed,10257.52
ORD0000702,2024-01-13,CUS000032,PAY006,Online,Completed,2502.7200000000003
ORD0000703,2025-03-29,CUS000064,PAY006,In Store,Processing,3390.05
ORD0000704,2025-04-16,CUS000189,PAY001,Online,Completed,15512.02
ORD0000705,2025-02-02,CUS000175,PAY003,Mobile App,Processing,3463.46
ORD0000706,2025-10-06,CUS000187,PAY001,In Store,Shipped,5953.4
ORD0000707,2025-05-07,CUS000164,PAY003,Online,Shipped,1968.22
ORD0000708,2024-02-23,CUS000171,PAY002,In Store,Processing,2166.7
ORD0000709,2025-10-10,CUS000112,PAY003,In Store,Processing,4884.79
ORD0000710,2024-10-09,CUS000150,PAY001,Curbside Pickup,Processing,2102.93
ORD0000711,2024-01-10,CUS000011,PAY005,Curbside Pickup,Returned,0.0
ORD0000712,2025-09-02,CUS000040,PAY003,In Store,Processing,12547.23
ORD0000713,2024-06-10,CUS000128,PAY001,Mobile App,Returned,2023.73
ORD0000714,2024-03-02,CUS000016,PAY003,Online,Returned,13926.13
ORD0000715,2025-07-03,CUS000028,PAY002,Curbside Pickup,Processing,10927.61
ORD0000716,2024-11-20,CUS000143,PAY006,Mobile App,Completed,6661.62
ORD0000717,2024-07-16,CUS000006,PAY006,Curbside Pickup,Shipped,7266.61
ORD0000718,2024-05-17,CUS000065,PAY001,Curbside Pickup,Returned,9402.61
ORD0000719,2025-03-24,CUS000144,PAY003,Curbside Pickup,Processing,7401.549999999999
ORD0000720,2025-08-03,CUS000048,PAY005,Mobile App,Shipped,14056.02
ORD0000721,2025-04-24,CUS000071,PAY005,Online,Pending,3080.04
ORD0000722,2025-06-27,CUS000040,PAY004,Mobile App,Shipped,16716.16
ORD0000723,2025-07-08,CUS000094,PAY004,In Store,Returned,682.36
ORD0000724,2025-06-02,CUS000098,PAY006,Online,Pending,3190.0200000000004
ORD0000725,2025-09-26,CUS000094,PAY005,Online,Shipped,8657.34
ORD0000726,2024-03-05,CUS000169,PAY005,Curbside Pickup,Processing,698.54
ORD0000727,2025-06-20,CUS000175,PAY004,Online,Cancelled,10059.29
ORD0000728,2024-10-16,CUS000083,PAY004,Mobile App,Pending,789.4
ORD0000729,2024-04-08,CUS000134,PAY006,In Store,Pending,5498.6
ORD0000730,2024-05-12,CUS000046,PAY001,Online,Pending,7472.0
ORD0000731,2025-05-12,CUS000050,PAY001,In Store,Cancelled,6894.7300000000005
ORD0000732,2025-10-19,CUS000100,PAY006,Curbside Pickup,Cancelled,4672.58
ORD0000733,2025-09-30,CUS000180,PAY005,Mobile App,Pending,16708.48
ORD0000734,2025-01-10,CUS000057,PAY005,In Store,Pending,2862.88
ORD0000735,2024-08-01,CUS000168,PAY004,In Store,Completed,5970.99
ORD0000736,2025-10-16,CUS000016,PAY003,Curbside Pickup,Shipped,227.67
ORD0000737,2025-12-26,CUS000015,PAY005,Mobile App,Cancelled,3743.58
ORD0000738,2024-02-11,CUS000188,PAY001,Mobile App,Pending,5125.21
ORD0000739,2024-08-09,CUS000133,PAY001,In Store,Returned,10821.25
ORD0000740,2024-08-24,CUS000137,PAY004,Online,Processing,13322.93
ORD0000741,2025-06-22,CUS000169,PAY002,Online,Cancelled,8654.74
ORD0000742,2025-07-25,CUS000107,PAY006,In Store,Returned,10077.71
ORD0000743,2025-08-13,CUS000092,PAY006,Curbside Pickup,Returned,15922.619999999999
ORD0000744,2025-11-12,CUS000110,PAY001,Online,Processing,12611.710000000001
ORD0000745,2025-07-17,CUS000103,PAY005,Mobile App,Returned,8225.31
ORD0000746,2024-06-10,CUS000137,PAY005,Curbside Pickup,Shipped,7884.629999999999
ORD0000747,2024-11-18,CUS000141,PAY003,Mobile App,Completed,9347.69
ORD0000748,2025-10-10,CUS000111,PAY006,Mobile App,Cancelled,4189.17
ORD0000749,2024-09-03,CUS000145,PAY005,Online,Completed,0.0
ORD0000750,2025-07-17,CUS000191,PAY003,Mobile App,Completed,3326.4399999999996
ORD0000751,2025-04-03,CUS000102,PAY001,In Store,Shipped,6513.54
ORD0000752,2025-09-02,CUS000005,PAY005,Online,Shipped,6486.59
ORD0000753,2024-01-07,CUS000077,PAY002,Online,Shipped,10384.119999999999
ORD0000754,2024-01-23,CUS000198,PAY006,Mobile App,Cancelled,26258.059999999998
ORD0000755,2025-06-07,CUS000143,PAY005,Online,Pending,5224.85
ORD0000756,2024-02-08,CUS000118,PAY003,Online,Processing,14798.19
ORD0000757,2024-09-28,CUS000094,PAY005,Online,Processing,6828.48
ORD0000758,2024-09-19,CUS000077,PAY001,Curbside Pickup,Cancelled,0.0
ORD0000759,2024-08-10,CUS000188,PAY001,Mobile App,Completed,4165.1
ORD0000760,2024-06-26,CUS000125,PAY006,In Store,Cancelled,13665.89
ORD0000761,2025-10-19,CUS000077,PAY001,Curbside Pickup,Pending,3737.67
ORD0000762,2024-02-27,CUS000198,PAY003,Mobile App,Completed,1723.6000000000001
ORD0000763,2025-03-02,CUS000031,PAY002,In Store,Returned,1518.6
ORD0000764,2025-10-09,CUS000098,PAY001,Mobile App,Cancelled,2450.82
ORD0000765,2024-02-12,CUS000082,PAY005,Online,Shipped,839.06
ORD0000766,2025-05-29,CUS000179,PAY002,Online,Pending,12636.21
ORD0000767,2025-11-20,CUS000188,PAY004,Curbside Pickup,Cancelled,2125.78
ORD0000768,2025-08-12,CUS000130,PAY001,Online,Completed,5229.25
ORD0000769,2024-10-23,CUS000101,PAY002,Online,Shipped,3998.3999999999996
ORD0000770,2024-03-25,CUS000122,PAY005,In Store,Cancelled,3385.09
ORD0000771,2025-02-12,CUS000068,PAY001,Curbside Pickup,Cancelled,23338.92
ORD0000772,2025-03-20,CUS000199,PAY006,Online,Processing,4061.66
ORD0000773,2025-05-07,CUS000144,PAY002,Curbside Pickup,Completed,751.07
ORD0000774,2025-10-29,CUS000147,PAY002,Online,Processing,1232.85
ORD0000775,2024-03-14,CUS000069,PAY004,Mobile App,Returned,9569.81
ORD0000776,2025-08-12,CUS000023,PAY001,Curbside Pickup,Completed,23077.15
ORD0000777,2025-01-09,CUS000090,PAY002,Mobile App,Shipped,701.42
ORD0000778,2025-08-31,CUS000168,PAY001,Mobile App,Processing,2893.12
ORD0000779,2024-12-24,CUS000158,PAY004,Online,Completed,1521.72
ORD0000780,2024-02-15,CUS000060,PAY002,Mobile App,Processing,11193.76
ORD0000781,2024-03-28,CUS000029,PAY006,In Store,Processing,12439.74
ORD0000782,2025-09-27,CUS000038,PAY003,In Store,Shipped,7896.969999999999
ORD0000783,2025-12-11,CUS000029,PAY003,Curbside Pickup,Completed,8615.78
ORD0000784,2024-01-24,CUS000085,PAY002,Online,Processing,3155.17
ORD0000785,2025-07-13,CUS000134,PAY003,Curbside Pickup,Cancelled,17534.59
ORD0000786,2024-05-24,CUS000178,PAY006,In Store,Completed,14300.49
ORD0000787,2025-08-19,CUS000170,PAY005,In Store,Shipped,9014.77
ORD0000788,2024-06-23,CUS000016,PAY003,Online,Returned,7598.85
ORD0000789,2025-09-24,CUS000070,PAY001,Curbside Pickup,Returned,12414.49
ORD0000790,2024-01-09,CUS000018,PAY004,Mobile App,Returned,7531.75
ORD0000791,2025-11-06,CUS000093,PAY001,In Store,Shipped,4619.6
ORD0000792,2025-10-26,CUS000099,PAY002,Curbside Pickup,Cancelled,0.0
ORD0000793,2025-12-27,CUS000026,PAY003,Curbside Pickup,Cancelled,12419.45
ORD0000794,2025-06-28,CUS000023,PAY002,Online,Cancelled,675.66
ORD0000795,2025-04-13,CUS000144,PAY006,In Store,Pending,9641.16
ORD0000796,2024-09-10,CUS000136,PAY003,Mobile App,Completed,12029.14
ORD0000797,2025-02-06,CUS000191,PAY002,In Store,Shipped,4527.07
ORD0000798,2025-12-01,CUS000091,PAY003,Mobile App,Processing,891.5
ORD0000799,2025-05-28,CUS000071,PAY001,Mobile App,Completed,8966.05
ORD0000800,2024-01-31,CUS000143,PAY003,Online,Processing,2770.9
ORD0000801,2024-12-15,CUS000101,PAY006,Online,Pending,3652.02
ORD0000802,2025-01-26,CUS000134,PAY006,Online,Completed,12457.199999999999
ORD0000803,2024-09-03,CUS000147,PAY002,Curbside Pickup,Shipped,2067.3
ORD0000804,2025-09-11,CUS000085,PAY004,Online,Processing,6636.320000000001
ORD0000805,2025-10-30,CUS000036,PAY005,Online,Processing,8393.33
ORD0000806,2024-11-12,CUS000177,PAY006,Online,Completed,0.0
ORD0000807,2024-05-28,CUS000168,PAY005,Online,Shipped,6074.5199999999995
ORD0000808,2024-03-10,CUS000143,PAY005,In Store,Processing,1234.38
ORD0000809,2024-11-21,CUS000038,PAY006,In Store,Shipped,16130.35
ORD0000810,2025-02-27,CUS000106,PAY003,Curbside Pickup,Returned,7315.23
ORD0000811,2025-10-14,CUS000190,PAY003,Online,Processing,11149.02
ORD0000812,2024-04-19,CUS000034,PAY002,In Store,Cancelled,6737.24
ORD0000813,2025-09-23,CUS000069,PAY005,Online,Cancelled,1055.1100000000001
ORD0000814,2024-08-25,CUS000060,PAY006,In Store,Shipped,14603.14
ORD0000815,2024-03-22,CUS000177,PAY004,Online,Cancelled,7476.74
ORD0000816,2025-09-11,CUS000121,PAY006,Mobile App,Processing,7952.59
ORD0000817,2025-01-31,CUS000126,PAY004,Online,Processing,8906.86
ORD0000818,2024-07-16,CUS000058,PAY001,Curbside Pickup,Pending,0.0
ORD0000819,2024-10-03,CUS000106,PAY002,Online,Processing,15256.86
ORD0000820,2024-03-08,CUS000046,PAY004,Curbside Pickup,Returned,0.0
ORD0000821,2024-11-28,CUS000118,PAY002,Curbside Pickup,Completed,7188.27
ORD0000822,2024-02-12,CUS000156,PAY006,Curbside Pickup,Returned,0.0
ORD0000823,2024-11-16,CUS000101,PAY005,In Store,Cancelled,2552.37
ORD0000824,2024-04-21,CUS000116,PAY004,In Store,Processing,7297.27
ORD0000825,2025-06-15,CUS000138,PAY004,In Store,Cancelled,3415.25
ORD0000826,2025-01-31,CUS000133,PAY006,In Store,Processing,12070.98
ORD0000827,2024-10-25,CUS000113,PAY004,Mobile App,Shipped,9716.85
ORD0000828,2025-04-17,CUS000043,PAY004,Mobile App,Cancelled,21750.02
ORD0000829,2024-02-25,CUS000177,PAY005,Online,Completed,7745.2699999999995
ORD0000830,2025-10-23,CUS000116,PAY001,In Store,Processing,0.0
ORD0000831,2025-08-22,CUS000179,PAY005,Online,Completed,4057.82
ORD0000832,2025-02-27,CUS000083,PAY004,In Store,Processing,0.0
ORD0000833,2025-04-09,CUS000152,PAY006,Online,Completed,13215.57
ORD0000834,2024-04-02,CUS000065,PAY003,Online,Returned,7639.34
ORD0000835,2024-05-06,CUS000024,PAY001,Curbside Pickup,Returned,3983.36
ORD0000836,2025-01-06,CUS000022,PAY005,Curbside Pickup,Returned,14964.279999999999
ORD0000837,2025-06-07,CUS000157,PAY002,Curbside Pickup,Cancelled,2519.63
ORD0000838,2025-01-24,CUS000012,PAY002,Mobile App,Cancelled,7954.83
ORD0000839,2025-11-06,CUS000039,PAY002,Online,Processing,396.26
ORD0000840,2025-12-30,CUS000014,PAY004,Mobile App,Shipped,3066.9700000000003
ORD0000841,2025-04-01,CUS000074,PAY006,Online,Pending,5786.99
ORD0000842,2024-05-14,CUS000052,PAY001,Mobile App,Pending,7745.3099999999995
ORD0000843,2025-04-14,CUS000128,PAY004,In Store,Cancelled,3458.12
ORD0000844,2025-05-20,CUS000061,PAY002,Curbside Pickup,Completed,15952.03
ORD0000845,2025-02-23,CUS000114,PAY001,In Store,Processing,1628.3400000000001
ORD0000846,2025-07-14,CUS000072,PAY005,Online,Pending,5204.57
ORD0000847,2024-07-08,CUS000038,PAY001,Mobile App,Pending,9457.34
ORD0000848,2024-05-28,CUS000009,PAY006,Mobile App,Shipped,11804.9
ORD0000849,2024-03-30,CUS000013,PAY001,Curbside Pickup,Processing,7049.83
ORD0000850,2024-06-14,CUS000173,PAY003,Online,Completed,0.0
ORD0000851,2025-08-15,CUS000093,PAY001,In Store,Shipped,6176.56
ORD0000852,2024-11-26,CUS000095,PAY004,In Store,Completed,1366.4
ORD0000853,2025-07-17,CUS000017,PAY003,Curbside Pickup,Processing,4035.01
ORD0000854,2024-05-04,CUS000178,PAY003,Mobile App,Cancelled,2590.88
ORD0000855,2025-02-27,CUS000135,PAY002,Online,Cancelled,2269.72
ORD0000856,2024-02-29,CUS000028,PAY005,In Store,Completed,0.0
ORD0000857,2025-12-06,CUS000155,PAY006,Mobile App,Completed,561.16
ORD0000858,2025-09-15,CUS000082,PAY003,Mobile App,Processing,13822.329999999998
ORD0000859,2025-09-21,CUS000145,PAY004,Curbside Pickup,Completed,2361.68
ORD0000860,2024-07-03,CUS000157,PAY002,Mobile App,Processing,965.94
ORD0000861,2024-01-02,CUS000031,PAY001,Curbside Pickup,Returned,5046.33
ORD0000862,2024-04-30,CUS000189,PAY002,Curbside Pickup,Completed,10308.26
ORD0000863,2024-02-16,CUS000086,PAY003,Online,Pending,526.8
ORD0000864,2025-10-17,CUS000052,PAY006,Mobile App,Shipped,2455.59
ORD0000865,2024-03-10,CUS000079,PAY003,Mobile App,Pending,6996.179999999999
ORD0000866,2024-04-26,CUS000176,PAY003,Mobile App,Completed,4179.12
ORD0000867,2025-08-05,CUS000158,PAY001,Online,Processing,6848.2699999999995
ORD0000868,2024-12-04,CUS000087,PAY006,Curbside Pickup,Completed,210.72
ORD0000869,2024-02-06,CUS000166,PAY002,Curbside Pickup,Processing,2446.24
ORD0000870,2025-10-04,CUS000118,PAY005,Mobile App,Completed,7495.3
ORD0000871,2025-02-27,CUS000191,PAY001,Mobile App,Cancelled,1238.84
ORD0000872,2025-11-25,CUS000081,PAY005,In Store,Processing,4684.61
ORD0000873,2025-08-14,CUS000176,PAY003,Mobile App,Pending,14992.09
ORD0000874,2024-06-01,CUS000072,PAY001,Mobile App,Completed,6025.92
ORD0000875,2025-10-03,CUS000137,PAY002,Curbside Pickup,Processing,2031.28
ORD0000876,2025-09-01,CUS000030,PAY003,Mobile App,Returned,9722.24
ORD0000877,2024-02-02,CUS000070,PAY004,In Store,Completed,14680.449999999999
ORD0000878,2024-08-31,CUS000096,PAY004,Mobile App,Processing,8752.4
ORD0000879,2025-06-21,CUS000078,PAY002,In Store,Shipped,6085.24
ORD0000880,2024-02-08,CUS000200,PAY002,In Store,Completed,9037.85
ORD0000881,2025-06-02,CUS000007,PAY004,Online,Processing,7919.1
ORD0000882,2024-12-14,CUS000124,PAY006,Mobile App,Shipped,1198.78
ORD0000883,2024-05-26,CUS000197,PAY001,Online,Processing,6527.45
ORD0000884,2024-02-07,CUS000118,PAY004,In Store,Pending,12354.830000000002
ORD0000885,2024-11-14,CUS000012,PAY006,In Store,Shipped,468.8
ORD0000886,2025-04-23,CUS000012,PAY001,Mobile App,Pending,802.0
ORD0000887,2025-08-14,CUS000195,PAY003,Online,Shipped,8500.83
ORD0000888,2024-07-24,CUS000050,PAY003,Mobile App,Cancelled,5729.25
ORD0000889,2024-11-22,CUS000198,PAY004,In Store,Shipped,3856.2200000000003
ORD0000890,2024-06-01,CUS000041,PAY003,In Store,Pending,11967.09
ORD0000891,2025-09-29,CUS000144,PAY005,In Store,Processing,4461.12
ORD0000892,2025-07-09,CUS000090,PAY005,Mobile App,Shipped,14080.470000000001
ORD0000893,2024-05-24,CUS000181,PAY003,Online,Processing,18480.42
ORD0000894,2024-03-13,CUS000080,PAY005,Mobile App,Cancelled,1286.16
ORD0000895,2025-03-30,CUS000013,PAY002,In Store,Completed,7559.09
ORD0000896,2025-11-22,CUS000013,PAY001,Curbside Pickup,Pending,12020.66
ORD0000897,2024-03-29,CUS000110,PAY004,Online,Returned,0.0
ORD0000898,2025-09-02,CUS000152,PAY006,Curbside Pickup,Cancelled,13264.169999999998
ORD0000899,2024-12-30,CUS000080,PAY003,Online,Returned,3861.93
ORD0000900,2025-11-17,CUS000137,PAY001,Curbside Pickup,Cancelled,7862.6
ORD0000901,2024-05-14,CUS000024,PAY006,Curbside Pickup,Pending,9498.09
ORD0000902,2025-04-11,CUS000080,PAY006,Curbside Pickup,Completed,5978.02
ORD0000903,2024-08-25,CUS000058,PAY002,Mobile App,Shipped,8222.21
ORD0000904,2025-02-05,CUS000047,PAY006,Mobile App,Shipped,9003.22
ORD0000905,2025-04-09,CUS000125,PAY001,In Store,Completed,9928.36
ORD0000906,2024-04-25,CUS000090,PAY004,Curbside Pickup,Processing,12581.27
ORD0000907,2024-10-16,CUS000197,PAY003,Online,Cancelled,17283.6
ORD0000908,2024-04-15,CUS000104,PAY006,In Store,Shipped,5881.610000000001
ORD0000909,2025-07-23,CUS000167,PAY001,Mobile App,Cancelled,10035.56
ORD0000910,2025-04-17,CUS000103,PAY005,Curbside Pickup,Processing,7655.050000000001
ORD0000911,2025-09-27,CUS000063,PAY005,Online,Completed,11441.64
ORD0000912,2025-01-28,CUS000017,PAY003,Online,Returned,3789.32
ORD0000913,2025-08-28,CUS000111,PAY004,Mobile App,Cancelled,2977.02
ORD0000914,2025-12-11,CUS000061,PAY002,In Store,Returned,8932.57
ORD0000915,2025-12-29,CUS000147,PAY004,In Store,Cancelled,6595.610000000001
ORD0000916,2025-09-02,CUS000119,PAY003,In Store,Completed,0.0
ORD0000917,2024-06-29,CUS000079,PAY004,In Store,Cancelled,16172.900000000001
ORD0000918,2024-04-21,CUS000176,PAY005,Curbside Pickup,Shipped,1137.06
ORD0000919,2025-05-21,CUS000166,PAY006,In Store,Pending,6975.31
ORD0000920,2024-08-10,CUS000036,PAY005,In Store,Processing,11223.04
ORD0000921,2025-11-07,CUS000039,PAY004,Mobile App,Completed,4284.58
ORD0000922,2025-09-22,CUS000148,PAY004,Online,Processing,17474.7
ORD0000923,2025-11-28,CUS000082,PAY003,Mobile App,Completed,9378.7
ORD0000924,2024-12-18,CUS000023,PAY005,In Store,Cancelled,5859.969999999999
ORD0000925,2025-06-06,CUS000104,PAY002,Mobile App,Pending,8019.41
ORD0000926,2025-01-13,CUS000141,PAY001,In Store,Returned,9095.4
ORD0000927,2025-07-27,CUS000092,PAY001,Mobile App,Pending,9181.14
ORD0000928,2024-08-28,CUS000111,PAY006,Curbside Pickup,Returned,6996.6
ORD0000929,2024-11-21,CUS000183,PAY004,Curbside Pickup,Completed,2787.38
ORD0000930,2025-03-21,CUS000140,PAY002,Online,Completed,0.0
ORD0000931,2024-05-22,CUS000049,PAY005,Curbside Pickup,Shipped,3549.9900000000002
ORD0000932,2025-03-03,CUS000040,PAY003,Online,Processing,3089.46
ORD0000933,2024-01-12,CUS000019,PAY006,In Store,Processing,12582.289999999999
ORD0000934,2025-05-13,CUS000169,PAY004,Online,Pending,4843.9
ORD0000935,2024-05-20,CUS000165,PAY004,Curbside Pickup,Returned,13863.06
ORD0000936,2025-09-10,CUS000109,PAY005,Online,Completed,10727.289999999999
ORD0000937,2025-06-05,CUS000109,PAY005,Curbside Pickup,Completed,0.0
ORD0000938,2024-12-29,CUS000058,PAY002,Curbside Pickup,Cancelled,584.86
ORD0000939,2024-01-08,CUS000148,PAY004,Online,Returned,6589.95
ORD0000940,2025-05-28,CUS000069,PAY004,Mobile App,Pending,6112.83
ORD0000941,2024-02-08,CUS000146,PAY004,Mobile App,Pending,8516.23
ORD0000942,2025-08-17,CUS000124,PAY006,In Store,Processing,2611.44
ORD0000943,2025-06-23,CUS000193,PAY003,Curbside Pickup,Cancelled,8527.689999999999
ORD0000944,2024-03-21,CUS000134,PAY005,In Store,Processing,7097.33
ORD0000945,2025-04-28,CUS000162,PAY006,In Store,Returned,6651.34
ORD0000946,2025-10-10,CUS000139,PAY005,Mobile App,Cancelled,9585.57
ORD0000947,2024-02-24,CUS000088,PAY005,In Store,Completed,650.66
ORD0000948,2025-04-09,CUS000132,PAY004,Mobile App,Completed,5898.63
ORD0000949,2024-12-27,CUS000076,PAY003,Online,Pending,18683.39
ORD0000950,2025-12-12,CUS000153,PAY006,Mobile App,Returned,11421.85
ORD0000951,2025-07-31,CUS000067,PAY001,Curbside Pickup,Cancelled,1334.26
ORD0000952,2024-06-22,CUS000147,PAY001,Mobile App,Returned,3264.6000000000004
ORD0000953,2025-10-01,CUS000007,PAY003,Curbside Pickup,Pending,7663.410000000001
ORD0000954,2024-05-09,CUS000130,PAY001,Mobile App,Shipped,7804.69
ORD0000955,2024-05-15,CUS000158,PAY003,Mobile App,Shipped,8871.33
ORD0000956,2024-01-15,CUS000190,PAY001,Online,Cancelled,12242.24
ORD0000957,2024-06-03,CUS000169,PAY004,Mobile App,Processing,5364.179999999999
ORD0000958,2024-09-24,CUS000180,PAY002,Curbside Pickup,Processing,11583.83
ORD0000959,2025-06-24,CUS000009,PAY003,In Store,Processing,1483.74
ORD0000960,2025-09-01,CUS000040,PAY004,Curbside Pickup,Completed,6703.049999999999
ORD0000961,2024-08-31,CUS000170,PAY004,Online,Processing,7678.63
ORD0000962,2025-08-14,CUS000188,PAY003,In Store,Returned,9820.86
ORD0000963,2024-09-27,CUS000194,PAY001,In Store,Processing,10469.1
ORD0000964,2025-04-20,CUS000103,PAY004,Mobile App,Completed,824.56
ORD0000965,2025-06-29,CUS000060,PAY004,Curbside Pickup,Completed,4361.16
ORD0000966,2024-09-25,CUS000038,PAY005,Curbside Pickup,Pending,2733.2
ORD0000967,2024-10-22,CUS000115,PAY004,Mobile App,Cancelled,9452.14
ORD0000968,2025-11-30,CUS000011,PAY001,Mobile App,Completed,8462.94
ORD0000969,2025-09-17,CUS000167,PAY003,Mobile App,Shipped,16810.92
ORD0000970,2024-09-30,CUS000026,PAY003,Curbside Pickup,Completed,9674.32
ORD0000971,2025-11-22,CUS000192,PAY002,Online,Cancelled,201.93
ORD0000972,2024-12-11,CUS000174,PAY006,Online,Shipped,9904.04
ORD0000973,2025-07-14,CUS000003,PAY006,In Store,Pending,13734.369999999999
ORD0000974,2024-01-13,CUS000106,PAY001,In Store,Returned,13736.09
ORD0000975,2025-04-01,CUS000090,PAY002,Mobile App,Shipped,14466.09
ORD0000976,2024-07-16,CUS000009,PAY001,In Store,Pending,6977.09
ORD0000977,2025-08-31,CUS000169,PAY002,In Store,Returned,4470.9
ORD0000978,2024-05-02,CUS000023,PAY005,Online,Completed,5198.67
ORD0000979,2025-11-03,CUS000196,PAY006,Online,Pending,7962.53
ORD0000980,2025-12-13,CUS000048,PAY003,Mobile App,Completed,3220.2
ORD0000981,2025-11-07,CUS000020,PAY006,Curbside Pickup,Shipped,8544.29
ORD0000982,2025-03-13,CUS000178,PAY006,Mobile App,Shipped,3489.25
ORD0000983,2024-06-14,CUS000200,PAY001,Mobile App,Pending,15069.8
ORD0000984,2025-01-26,CUS000100,PAY003,In Store,Shipped,0.0
ORD0000985,2024-09-28,CUS000046,PAY004,In Store,Completed,11730.28
ORD0000986,2024-07-24,CUS000157,PAY004,Online,Returned,5647.12
ORD0000987,2025-05-18,CUS000028,PAY002,Curbside Pickup,Processing,12437.42
ORD0000988,2025-09-20,CUS000165,PAY001,Curbside Pickup,Returned,3594.71
ORD0000989,2024-09-22,CUS000027,PAY001,In Store,Pending,9776.93
ORD0000990,2025-08-08,CUS000187,PAY003,Curbside Pickup,Pending,2442.6600000000003
ORD0000991,2025-05-24,CUS000039,PAY006,In Store,Pending,1724.68
ORD0000992,2025-11-11,CUS000100,PAY003,Online,Returned,3952.95
ORD0000993,2024-12-03,CUS000101,PAY005,In Store,Cancelled,9175.15
ORD0000994,2025-12-25,CUS000198,PAY004,Curbside Pickup,Completed,3796.94
ORD0000995,2025-02-17,CUS000187,PAY001,Online,Pending,10637.769999999999
ORD0000996,2025-01-28,CUS000177,PAY004,In Store,Cancelled,6207.38
ORD0000997,2025-07-02,CUS000092,PAY003,Mobile App,Completed,7381.35
ORD0000998,2024-02-26,CUS000162,PAY006,In Store,Shipped,20705.96
ORD0000999,2025-07-01,CUS000088,PAY001,Curbside Pickup,Shipped,9814.26
ORD0001000,2025-10-25,CUS000052,PAY002,In Store,Completed,9404.640000000001
